<?xml version="1.0" encoding="utf-8"?>
<dleplugin>
	<name>Добавочная цифра в рейтинге</name>
	<description>Добавляет цифру для лучшего вида</description>
	<icon>engine/skins/images/rating.png</icon>
	<version>1.0</version>
	<dleversion></dleversion>
	<versioncompare>==</versioncompare>
	<upgradeurl>https://raw.githubusercontent.com/byPavelex/upgrade/main/release.json</upgradeurl>
	<filedelete>1</filedelete>
	<needplugin></needplugin>
	<mnotice>0</mnotice>
	<mysqlinstall><![CDATA[]]></mysqlinstall>
	<mysqlupgrade><![CDATA[]]></mysqlupgrade>
	<mysqlenable><![CDATA[]]></mysqlenable>
	<mysqldisable><![CDATA[]]></mysqldisable>
	<mysqldelete><![CDATA[]]></mysqldelete>
	<phpinstall><![CDATA[]]></phpinstall>
	<phpupgrade><![CDATA[]]></phpupgrade>
	<phpenable><![CDATA[]]></phpenable>
	<phpdisable><![CDATA[]]></phpdisable>
	<phpdelete><![CDATA[]]></phpdelete>
	<notice><![CDATA[]]></notice>
	<file name="engine/modules/show.full.php">
		<operation action="after">
			<searchcode><![CDATA[$tpl->set( '{rating}', ShowRating( $row['id'], $row['rating'], $row['vote_num'], $user_group[$member_id['user_group']]['allow_rating'] ) );]]></searchcode>
			<replacecode><![CDATA[$tpl->set('{rating_nums}', str_replace(",", ".", number_format($row['rating'] / max(1, $row['vote_num']), 1)));]]></replacecode>
			<enabled>1</enabled>
		</operation>
	</file>
	<file name="engine/modules/show.short.php">
		<operation action="after">
			<searchcode><![CDATA[$tpl->set( '{rating}', ShowRating( $row['id'], $row['rating'], $row['vote_num'], 1 ) );]]></searchcode>
			<replacecode><![CDATA[$tpl->set('{rating_nums}', str_replace(",", ".", number_format($row['rating'] / max(1, $row['vote_num']), 1)));]]></replacecode>
			<enabled>1</enabled>
		</operation>
	</file>
	<file name="engine/modules/show.custom.php">
		<operation action="after">
			<searchcode><![CDATA[$tpl->set( '{rating}', ShowRating( $row['id'], $row['rating'], $row['vote_num'], 1 ) );]]></searchcode>
			<replacecode><![CDATA[$tpl->set('{rating_nums}', str_replace(",", ".", number_format($row['rating'] / max(1, $row['vote_num']), 1)));]]></replacecode>
			<enabled>1</enabled>
		</operation>
	</file>
</dleplugin>